1,Ford,E350,"ac, abs, moon",3000.00
2,Chevy,"Venture ""Extended Edition""","",4900.00
3,Jeep,Grand Cherokee,"MUST SELL! air, moon roof, loaded",4799.00
4,Chevy,"Venture ""Extended Edition, Very Large""",,5000.00
5,,"Venture ""Extended Edition""","",4900.00
6,Ford,E350,"ac, abs, moon",3000.00
7,Chevy,"Venture ""Extended Edition""","",4900.00
8,Jeep,Grand Cherokee,"MUST SELL! air, moon roof, loaded",4799.00
9,Chevy,"Venture ""Extended Edition, Very Large""",,5000.00
10,,"Venture ""Extended Edition""","",4900.00
11,Ford,E350,"ac, abs, moon",3000.00
12,Chevy,"Venture ""Extended Edition""","",4900.00
13,Jeep,Grand Cherokee,"MUST SELL! air, moon roof, loaded",4799.00
14,Chevy,"Venture ""Extended Edition, Very Large""",,5000.00
15,,"Venture ""Extended Edition""","",4900.00